transaction_id,region,product_category,quantity,unit_price,discount_percent,transaction_date
TXN-10001,West,Books,14,218.00,5,2025-05-01
TXN-10002,West,Fitness,16,336.42,15,2025-03-27
TXN-10003,East,Electronics,2,288.92,20,2025-05-23
TXN-10004,East,Groceries,7,158.49,29,2025-04-21
TXN-10005,North,Apparel,18,86.52,1,2025-03-08
TXN-10006,South,Electronics,20,283.86,16,2025-05-02
TXN-10007,West,Home & Kitchen,-4,474.33,11,2025-05-18
TXN-10008,West,Groceries,7,61.59,20,2025-04-26
TXN-10009,South,Electronics,14,333.30,11,2025-05-01
TXN-10010,North,Home & Kitchen,16,201.19,25,2025-04-07
TXN-10011,West,Fitness,11,387.93,11,2025-04-02
TXN-10012,North,Books,8,50.19,10,2025-03-19
TXN-10013,North,Fitness,2,284.74,26,2025-03-19
TXN-10014,North,Books,17,47.21,10,2025-03-06
TXN-10015,West,Fitness,19,300.96,2,2025-05-28
TXN-10016,North,Home & Kitchen,11,351.73,19,2025-05-26
TXN-10017,West,Home & Kitchen,18,306.99,23,2025-05-12
TXN-10018,South,Fitness,4,430.40,28,2025-03-20
TXN-10019,East,Groceries,18,403.93,3,2025-03-18
TXN-10020,East,Books,16,234.70,29,2025-05-25
TXN-10021,North,Fitness,20,224.85,25,2025-04-18
TXN-10022,West,Apparel,3,392.55,3,2025-03-06
TXN-10023,West,Books,10,348.48,8,2025-05-28
TXN-10024,North,Fitness,5,415.38,24,2025-04-02
TXN-10025,South,Fitness,14,35.57,27,2025-05-25
TXN-10026,South,Home & Kitchen,8,42.29,22,2025-04-14
TXN-10027,North,Fitness,5,171.14,17,2025-05-04
TXN-10028,East,Electronics,11,320.51,26,2025-04-10
TXN-10029,South,Books,6,173.97,23,2025-05-25
TXN-10030,North,Home & Kitchen,16,219.88,21,2025-05-24
TXN-10031,South,Books,20,202.97,4,2025-03-14
TXN-10032,East,Home & Kitchen,10,97.46,2,2025-05-26
TXN-10033,West,Books,4,482.75,29,2025-03-16
TXN-10034,North,Apparel,5,403.83,4,2025-04-23
TXN-10035,South,Apparel,3,302.84,3,2025-05-25
TXN-10036,South,Books,5,316.22,3,2025-03-21
TXN-10037,South,Apparel,2,335.51,21,2025-05-24
TXN-10038,West,Home & Kitchen,16,256.41,27,2025-05-05
TXN-10039,North,Apparel,3,205.49,7,2025-05-24
TXN-10040,West,Books,2,221.04,1,2025-05-22
TXN-10041,South,Fitness,13,7.74,1,2025-05-02
TXN-10042,East,Books,15,463.60,4,2025-03-25
TXN-10043,East,Books,7,175.55,22,2025-04-28
TXN-10044,South,Fitness,5,424.14,23,2025-03-17
TXN-10045,North,Books,20,95.16,13,2025-04-04
TXN-10046,South,Groceries,13,202.50,23,2025-05-17
TXN-10047,North,Groceries,2,367.58,4,2025-04-09
TXN-10048,North,Home & Kitchen,18,497.57,12,2025-05-16
TXN-10049,North,Fitness,8,263.96,29,2025-05-15
TXN-10050,North,Books,8,76.75,29,2025-05-05
TXN-10051,South,Groceries,12,70.73,6,2025-05-10
TXN-10052,South,Home & Kitchen,7,418.50,11,2025-05-08
TXN-10053,North,Apparel,6,58.72,25,2025-05-21
TXN-10054,East,Home & Kitchen,9,362.65,9,2025-05-21
TXN-10055,South,Home & Kitchen,6,392.15,10,2025-03-19
TXN-10056,East,Fitness,11,169.64,22,2025-04-24
TXN-10057,South,Groceries,13,121.07,29,2025-04-24
TXN-10058,West,Books,3,311.14,28,2025-04-11
TXN-10059,West,Electronics,14,387.52,150,2025-04-20
TXN-10060,North,Home & Kitchen,14,298.44,3,2025-05-01
TXN-10061,South,Apparel,18,55.42,22,2025-05-08
TXN-10062,North,Apparel,8,333.56,13,2025-05-10
TXN-10063,West,Home & Kitchen,17,233.02,11,2025-04-06
TXN-10064,East,Groceries,9,49.55,25,2025-05-18
TXN-10022,West,Home & Kitchen,1,363.37,7,2025-05-21
TXN-10066,North,Fitness,8,487.10,150,2025-04-28
TXN-10067,North,Fitness,17,74.96,18,2025-05-17
TXN-10068,South,Home & Kitchen,1,143.09,2,2025-04-25
TXN-10069,South,Electronics,4,60.66,5,2025-03-25
TXN-10070,South,Home & Kitchen,18,485.22,3,2025-04-29
TXN-10071,West,Home & Kitchen,7,414.40,20,2025-03-27
TXN-10072,South,Fitness,14,16.43,24,2025-05-30
TXN-10073,North,Electronics,7,492.74,2,2025-04-26
TXN-10074,South,Books,15,299.05,16,2025-03-18
TXN-10075,South,Home & Kitchen,8,268.25,15,2025-04-23
TXN-10076,East,Fitness,3,145.20,11,2025-04-24
TXN-10077,West,Books,2,144.80,3,2025-05-08
TXN-10078,West,Apparel,3,341.37,12,2025-05-21
TXN-10079,West,Fitness,19,394.80,28,2025-05-09
TXN-10080,West,Groceries,4,235.62,26,2025-04-13
TXN-10081,South,Home & Kitchen,5,413.92,14,2025-04-30
TXN-10082,East,Books,12,331.99,7,2025-05-19
TXN-10083,South,Books,5,289.05,6,2025-03-27
TXN-10084,North,Books,7,503.66,15,2025-04-20
TXN-10085,East,Home & Kitchen,9,253.53,10,2025-04-14
TXN-10086,East,Groceries,20,102.66,14,2025-05-14
TXN-10087,West,Books,11,14.67,25,2025-05-05
TXN-10088,East,Apparel,6,437.69,16,2025-04-02
TXN-10089,South,Fitness,3,191.77,28,2025-03-06
TXN-10090,South,Books,8,281.40,8,2025-04-11
TXN-10091,West,Fitness,10,456.68,22,2025-03-25
TXN-10092,South,Fitness,19,272.23,13,2025-05-24
TXN-10093,North,Fitness,5,7.83,27,2025-04-10
TXN-10094,West,Fitness,17,316.38,0,2099-12-31
TXN-10095,North,Apparel,7,83.04,13,2025-04-06
TXN-10096,North,Home & Kitchen,19,61.58,14,2099-12-31
TXN-10097,East,Fitness,15,428.80,26,2025-05-28
TXN-10098,East,Home & Kitchen,13,44.36,26,2099-12-31
TXN-10099,North,Books,7,275.01,18,2025-05-08
TXN-10100,West,Electronics,18,166.00,24,2025-03-16
TXN-10101,North,Books,19,27.06,7,2025-04-28
TXN-10102,West,Electronics,20,179.62,21,2025-05-02
TXN-10024,North,Fitness,14,504.99,11,2025-03-23
TXN-10104,South,Apparel,7,23.76,22,2025-05-06
TXN-10105,West,Electronics,17,20.22,29,2025-04-03
TXN-10106,East,Home & Kitchen,9,218.70,10,2025-05-17
TXN-10107,West,Groceries,13,51.33,17,2025-05-23
TXN-10108,South,Groceries,18,92.84,16,2025-05-26
TXN-10109,West,Apparel,10,265.06,20,2025-04-01
TXN-10110,West,Home & Kitchen,8,264.43,7,2025-05-22
TXN-10111,South,Electronics,1,46.52,1,2025-05-14
TXN-10112,South,Apparel,19,232.74,23,2025-03-20
TXN-10113,West,Apparel,13,393.57,18,2025-04-11
TXN-10114,South,Home & Kitchen,11,335.42,0,2025-05-18
TXN-10115,South,Groceries,9,478.12,11,2025-03-30
TXN-10116,East,Fitness,2,225.49,7,2025-03-14
TXN-10117,South,Fitness,18,478.18,10,2025-03-16
TXN-10118,South,Books,16,496.32,25,2025-03-23
TXN-10119,West,Books,4,157.22,16,2025-03-31
TXN-10120,South,Apparel,13,381.56,0,2025-03-05
TXN-10101,North,Apparel,9,5.54,1,2025-03-26
TXN-10122,North,Apparel,4,184.48,8,2025-03-23
TXN-10123,East,Groceries,8,330.74,5,2025-04-05
TXN-10124,East,Electronics,15,474.92,12,2025-03-08
TXN-10125,South,Books,14,238.77,1,2025-03-21
TXN-10126,South,Apparel,15,186.78,12,2025-04-20
TXN-10127,North,Fitness,6,26.44,16,2025-04-04
TXN-10128,West,Fitness,10,434.82,23,2025-03-04
TXN-10129,East,Electronics,4,220.26,29,2025-04-05
TXN-10130,South,Books,5,186.44,10,2025-03-17
TXN-10131,South,Apparel,11,392.31,0,2025-03-27
TXN-10132,West,Home & Kitchen,10,123.29,4,2025-05-12
TXN-10133,North,Fitness,3,342.58,12,2025-05-13
TXN-10134,North,Groceries,18,349.76,11,2025-03-07
TXN-10135,South,Apparel,18,174.21,1,2025-05-13
TXN-10136,West,Apparel,13,129.41,14,2025-04-28
TXN-10137,North,Groceries,10,268.94,5,2025-04-06
TXN-10138,South,Fitness,1,235.53,9,2025-03-06
TXN-10139,East,Books,20,120.00,19,2025-05-16
TXN-10140,North,Groceries,14,257.61,24,2025-05-11
TXN-10141,North,Home & Kitchen,13,281.82,18,2025-03-29
TXN-10142,West,Fitness,16,32.49,9,2025-03-13
TXN-10143,South,Apparel,15,179.64,16,2025-05-17
TXN-10144,East,Electronics,3,361.03,18,2025-03-20
TXN-10145,South,Groceries,11,73.66,2,2025-04-24
TXN-10146,West,Home & Kitchen,20,403.00,2,2025-04-16
TXN-10147,West,Home & Kitchen,19,14.53,3,2025-03-27
TXN-10148,East,Home & Kitchen,20,308.72,21,2025-03-25
TXN-10149,East,Electronics,3,109.05,13,2025-05-28
TXN-10150,South,Groceries,6,310.67,22,2025-03-30
TXN-10022,East,Home & Kitchen,7,439.27,13,2025-04-07
TXN-10152,North,Apparel,3,157.96,12,2025-05-30
TXN-10153,East,Books,9,228.93,19,2025-04-14
TXN-10154,West,Home & Kitchen,5,373.39,2,2025-03-15
TXN-10155,North,Apparel,9,379.46,9,2025-03-15
TXN-10156,North,Home & Kitchen,16,337.53,3,2025-04-24
TXN-10157,North,Books,20,41.54,1,2025-03-17
TXN-10158,East,Apparel,9,449.69,28,2025-05-17
TXN-10159,North,Fitness,8,86.26,1,2025-05-19
TXN-10160,North,Home & Kitchen,17,98.48,25,2025-04-11
TXN-10161,South,Groceries,20,194.36,7,2025-04-22
TXN-10162,North,Groceries,10,196.45,1,2025-03-05
TXN-10163,North,Books,4,316.96,2,2025-03-15
TXN-10164,North,Apparel,19,393.46,5,2025-03-14
TXN-10165,West,Fitness,12,210.67,1,2025-04-11
TXN-10166,North,Fitness,20,242.33,25,2025-04-09
TXN-10167,South,Home & Kitchen,10,331.02,26,2025-04-13
TXN-10168,North,Books,5,402.36,26,2025-03-13
TXN-10169,West,Fitness,7,362.31,15,2025-03-31
TXN-10170,South,Groceries,3,131.64,28,2025-04-17
TXN-10171,West,Home & Kitchen,19,31.91,25,2025-05-22
TXN-10172,West,Electronics,3,303.58,25,2025-05-07
TXN-10173,West,Electronics,8,105.92,9,2025-03-31
TXN-10174,West,Groceries,6,300.22,20,2025-03-09
TXN-10175,South,Books,4,135.15,17,2025-05-17
TXN-10176,South,Groceries,3,361.69,0,2025-04-19
TXN-10177,South,Electronics,8,433.90,4,2025-03-21
TXN-10178,South,Home & Kitchen,3,444.84,5,2025-05-03
TXN-10179,North,Fitness,7,168.44,12,2025-05-09
TXN-10180,South,Fitness,7,335.08,28,2025-03-27
TXN-10181,South,Books,13,476.23,17,2025-03-30
TXN-10182,West,Groceries,6,117.57,10,2025-04-14
TXN-10183,East,Electronics,8,442.42,21,2025-04-28
TXN-10184,South,Apparel,3,162.48,17,2025-04-04
TXN-10185,North,Fitness,1,54.19,2,2025-04-24
TXN-10186,North,Books,5,67.93,5,2025-04-22
TXN-10187,East,Apparel,2,287.59,17,2025-04-15
TXN-10188,South,Apparel,16,336.23,26,2025-03-29
TXN-10189,East,Fitness,1,326.88,0,2025-03-28
TXN-10190,East,Home & Kitchen,20,499.48,11,2025-04-10
TXN-10191,East,Home & Kitchen,16,93.48,2,2025-05-14
TXN-10192,East,Home & Kitchen,1,216.02,24,2025-04-12
TXN-10193,South,Groceries,8,60.35,15,2025-04-12
TXN-10194,East,Apparel,13,236.74,18,2025-04-28
TXN-10195,North,Electronics,7,143.88,22,2025-05-09
TXN-10196,East,Apparel,18,250.98,22,2025-03-22
TXN-10197,East,Fitness,14,200.71,11,2025-04-25
TXN-10198,North,Home & Kitchen,9,298.69,24,2025-05-02
TXN-10199,East,Electronics,5,443.22,26,2025-04-11
TXN-10200,North,Fitness,2,38.16,17,2025-05-08
TXN-10201,South,Books,11,476.75,9,2025-03-04
TXN-10202,South,Groceries,3,250.83,14,2025-04-14
TXN-10203,East,Home & Kitchen,12,147.49,7,2025-03-17
TXN-10204,South,Apparel,20,504.30,27,2025-03-11
TXN-10205,South,Fitness,8,131.35,18,2025-05-08
TXN-10206,North,Groceries,7,452.27,12,2025-04-05
TXN-10207,West,Fitness,15,110.32,19,2025-03-26
TXN-10208,East,Fitness,18,61.62,5,2025-04-21
TXN-10209,East,Books,16,493.87,21,2025-05-12
TXN-10210,South,Electronics,12,229.82,25,2025-03-30
TXN-10211,South,Groceries,20,120.11,21,2025-04-25
TXN-10212,West,Fitness,16,474.52,6,2025-05-15
TXN-10213,North,Books,17,475.13,2,2025-04-17
TXN-10214,East,Electronics,7,325.89,8,2025-05-19
TXN-10215,North,Books,19,307.26,8,2025-03-17
TXN-10216,West,Electronics,6,15.60,3,2025-03-21
TXN-10217,East,Fitness,11,127.12,3,2025-03-31
TXN-10218,East,Home & Kitchen,7,198.95,27,2025-04-09
TXN-10219,North,Electronics,14,81.42,1,2025-04-15
TXN-10220,North,Books,5,356.72,21,2025-03-05
TXN-10221,South,Books,12,358.82,19,2025-03-11
TXN-10222,East,Books,3,343.77,9,2025-05-17
TXN-10223,South,Fitness,9,450.35,24,2025-03-20
TXN-10224,East,Home & Kitchen,13,126.32,7,2025-05-04
TXN-10225,North,Groceries,18,INVALID_PRICE,15,2025-05-27
TXN-10226,North,Apparel,6,66.79,2,2025-04-28
TXN-10227,South,Electronics,2,97.65,14,2025-04-04
TXN-10228,West,Groceries,5,238.71,150,2025-04-11
TXN-10229,South,Electronics,6,80.80,18,2025-03-22
TXN-10230,East,Books,3,17.56,29,2025-04-18
TXN-10231,North,Home & Kitchen,10,21.74,15,2025-04-27
TXN-10232,West,Books,13,282.75,6,2025-05-28
TXN-10233,East,Electronics,9,311.96,8,2025-05-31
TXN-10234,West,Fitness,1,100.68,0,2025-03-04
TXN-10235,East,Groceries,4,361.93,18,2025-04-27
TXN-10236,East,Books,20,458.64,27,2025-04-19
TXN-10237,East,Fitness,8,445.01,19,2025-04-21
TXN-10238,North,Home & Kitchen,7,338.63,11,2025-05-24
TXN-10239,North,Electronics,8,419.44,14,2025-05-20
TXN-10240,West,Fitness,3,386.83,0,2025-06-01
TXN-10241,West,Groceries,11,261.66,13,2025-03-29
TXN-10242,East,Groceries,1,28.66,21,2025-03-14
TXN-10243,North,Books,12,370.13,7,2025-04-11
TXN-10244,West,Home & Kitchen,20,98.42,29,2025-04-04
TXN-10245,East,Electronics,12,329.45,10,2025-05-06
TXN-10246,North,Fitness,4,423.74,15,2025-03-09
TXN-10247,West,Books,16,345.69,9,2025-03-09
TXN-10191,West,Home & Kitchen,11,486.55,29,2025-03-22
TXN-10249,North,Home & Kitchen,18,127.77,14,2025-04-10
TXN-10250,West,Fitness,12,259.72,29,2025-03-20
TXN-10251,South,Fitness,17,182.71,29,2025-04-13
TXN-10252,North,Groceries,12,147.20,2,2025-04-23
TXN-10253,East,Groceries,6,127.65,27,2025-04-26
TXN-10254,North,Groceries,5,189.35,23,2025-04-20
TXN-10255,West,Electronics,18,190.48,20,2025-05-09
TXN-10203,South,Home & Kitchen,8,32.36,21,2025-04-10
TXN-10257,South,Electronics,8,284.25,12,2025-05-17
TXN-10258,North,Home & Kitchen,1,104.31,29,2025-03-06
TXN-10259,North,Apparel,3,381.37,26,2025-03-06
TXN-10260,North,Books,5,474.90,21,2025-04-12
TXN-10261,North,Fitness,12,62.59,17,2025-05-26
TXN-10262,West,Electronics,16,246.79,6,2025-03-16
TXN-10263,East,Groceries,13,84.10,1,2025-05-02
TXN-10264,South,Books,6,316.49,11,2025-03-21
TXN-10265,South,Apparel,3,139.56,25,2025-03-09
TXN-10266,South,Groceries,11,219.10,2,2025-04-12
TXN-10267,East,Books,8,504.10,4,2025-04-25
TXN-10268,North,Books,7,35.26,26,2025-03-10
TXN-10269,West,Apparel,16,415.90,26,2025-04-01
TXN-10270,North,Books,19,488.17,5,2025-05-04
TXN-10271,North,Apparel,1,86.50,18,2025-05-06
TXN-10272,West,Electronics,4,482.37,16,2025-03-04
TXN-10273,North,Apparel,13,307.04,2,2025-05-25
TXN-10274,South,Books,3,213.75,17,2025-05-16
TXN-10275,East,Fitness,9,280.76,5,2025-03-19
TXN-10276,East,Groceries,16,243.87,19,2025-04-24
TXN-10277,North,Electronics,4,57.45,8,2025-05-07
TXN-10278,North,Fitness,8,325.76,17,2025-04-13
TXN-10279,South,Apparel,15,181.85,8,2025-05-04
TXN-10280,South,Home & Kitchen,18,324.97,15,2025-05-16
TXN-10281,East,Apparel,2,82.34,14,2025-03-06
TXN-10282,South,Electronics,3,395.14,150,2025-04-25
TXN-10283,East,Home & Kitchen,18,7.08,20,2025-03-11
TXN-10284,West,Fitness,4,405.03,10,2025-04-19
TXN-10285,South,Groceries,8,202.40,12,2025-05-05
TXN-10286,North,Fitness,11,126.67,26,2025-03-12
TXN-10287,South,Apparel,15,401.57,23,2025-03-22
TXN-10288,East,Electronics,19,290.16,13,2025-03-29
TXN-10289,North,Books,3,414.69,20,2025-04-24
TXN-10290,South,Home & Kitchen,17,474.38,17,2025-03-26
TXN-10291,East,Groceries,3,369.62,25,2025-03-10
TXN-10292,South,Groceries,15,206.70,23,2025-05-24
TXN-10293,North,Groceries,2,236.77,15,2025-05-29
TXN-10294,North,Fitness,6,499.73,24,2025-05-23
TXN-10295,North,Apparel,15,449.91,10,2025-04-24
TXN-10296,East,Fitness,9,444.89,9,2025-03-08
TXN-10297,South,Fitness,2,258.80,29,2025-05-29
TXN-10298,East,Home & Kitchen,10,320.26,1,2025-03-21
TXN-10299,North,Apparel,1,407.16,12,2025-05-27
TXN-10300,North,Electronics,14,34.58,7,2025-05-20
TXN-10301,South,Groceries,1,396.86,20,2025-03-16
TXN-10302,West,Groceries,6,278.62,19,2025-03-20
TXN-10303,East,Groceries,6,143.59,18,2025-05-07
TXN-10304,East,Books,20,405.95,29,2025-03-24
TXN-10305,East,Apparel,8,310.11,9,2025-04-14
TXN-10306,South,Fitness,16,308.84,1,2025-04-20
TXN-10307,South,Groceries,16,210.06,6,2025-04-26
TXN-10308,South,Home & Kitchen,11,261.36,19,2025-04-25
TXN-10309,North,Apparel,13,10.82,14,2025-05-08
TXN-10310,South,Groceries,7,113.78,1,2025-03-21
TXN-10311,East,Books,9,390.77,8,2025-03-31
TXN-10312,South,Home & Kitchen,1,71.20,21,2025-05-21
TXN-10313,North,Books,8,169.63,8,2025-06-01
TXN-10314,East,Books,1,408.67,6,2025-04-14
TXN-10315,South,Electronics,14,455.40,24,2025-04-27
TXN-10316,South,Fitness,10,27.79,11,2025-04-06
TXN-10317,East,Apparel,1,306.45,12,2025-06-01
TXN-10318,West,Groceries,19,486.39,2,2025-05-27
TXN-10319,East,Electronics,10,195.00,27,2025-05-24
TXN-10320,West,Home & Kitchen,2,174.85,15,2025-04-08
TXN-10321,South,Apparel,20,166.88,24,2025-04-22
TXN-10322,North,Groceries,8,392.06,16,2025-03-17
TXN-10323,West,Groceries,19,410.67,0,2025-04-18
TXN-10324,South,Apparel,10,443.21,5,2025-03-08
TXN-10325,North,Home & Kitchen,12,98.06,22,2025-05-27
TXN-10326,West,Groceries,12,162.36,7,2025-03-13
TXN-10327,North,Electronics,18,232.13,12,2025-06-01
TXN-10328,East,Electronics,5,250.56,17,2025-03-31
TXN-10329,South,Books,6,31.19,19,2025-03-25
TXN-10330,South,Books,10,474.09,8,2099-12-31
TXN-10331,East,Apparel,5,19.39,29,2025-04-15
TXN-10332,East,Apparel,1,291.25,5,2025-04-25
TXN-10333,North,Electronics,4,303.99,27,2025-05-21
TXN-10334,South,Fitness,20,436.78,13,2025-03-16
TXN-10335,South,Groceries,6,145.52,30,2025-04-21
TXN-10336,North,Groceries,5,99.05,7,2025-03-15
TXN-10337,West,Books,15,335.83,29,2025-03-05
TXN-10338,North,Electronics,17,317.86,6,2025-04-23
TXN-10339,South,Books,2,69.16,21,2025-04-17
TXN-10340,West,Apparel,15,131.10,4,2025-03-20
TXN-10341,East,Electronics,4,127.81,2,2099-12-31
TXN-10342,North,Fitness,10,244.23,17,2025-05-18
TXN-10343,West,Home & Kitchen,12,95.10,18,2025-05-04
TXN-10344,West,Apparel,13,312.70,9,2025-05-11
TXN-10345,East,Groceries,8,482.66,9,2025-03-05
TXN-10346,West,Electronics,8,459.73,5,2025-05-17
TXN-10347,South,Home & Kitchen,10,460.09,7,2025-05-14
TXN-10348,South,Apparel,10,240.55,5,2025-04-03
TXN-10349,West,Apparel,6,90.24,6,2025-05-13
TXN-10350,North,Home & Kitchen,16,473.39,11,2025-04-11
TXN-10351,North,Groceries,12,417.95,8,2025-05-27
TXN-10352,South,Home & Kitchen,17,97.94,5,2025-05-10
TXN-10353,East,Apparel,4,504.92,2,2025-04-09
TXN-10354,West,Home & Kitchen,3,99.78,8,2025-06-01
TXN-10355,North,Fitness,7,244.04,29,2025-04-16
TXN-10356,North,Electronics,19,353.24,13,2025-05-10
TXN-10357,East,Fitness,3,486.00,18,2025-05-21
TXN-10358,East,Fitness,10,132.06,6,2025-03-15
TXN-10359,South,Electronics,2,265.83,5,2025-03-11
TXN-10360,West,Apparel,9,277.89,6,2025-03-09
TXN-10361,East,Home & Kitchen,20,44.13,17,2025-03-25
TXN-10362,North,Fitness,20,145.68,29,2025-05-03
TXN-10363,West,Home & Kitchen,5,201.04,12,2025-04-23
TXN-10364,East,Groceries,11,361.58,27,2025-03-04
TXN-10365,North,Home & Kitchen,8,165.40,11,2025-04-05
TXN-10366,North,Apparel,8,450.92,6,2025-04-09
TXN-10367,North,Apparel,13,43.79,20,2025-05-23
TXN-10368,East,Groceries,4,235.23,13,2025-03-04
TXN-10369,East,Groceries,9,106.90,20,2025-05-11
TXN-10370,East,Apparel,16,367.66,30,2025-03-15
TXN-10371,East,Apparel,4,497.06,8,2025-06-01
TXN-10372,West,Home & Kitchen,9,352.36,6,2025-05-13
TXN-10373,East,Fitness,9,393.06,14,2025-04-20
TXN-10374,South,Electronics,16,319.01,19,2025-04-22
TXN-10375,East,Apparel,11,188.53,4,2025-04-02
TXN-10376,North,Books,19,199.90,14,2025-03-12
TXN-10377,East,Apparel,19,258.13,21,2025-04-10
TXN-10378,South,Groceries,8,396.58,13,2025-05-06
TXN-10379,South,Home & Kitchen,15,295.80,6,2025-04-22
TXN-10380,East,Apparel,20,239.25,15,2025-04-23
TXN-10381,West,Apparel,17,474.57,10,2025-04-29
TXN-10382,West,Electronics,1,13.95,23,2025-03-18
TXN-10383,North,Electronics,19,71.11,21,2025-05-31
TXN-10384,West,Home & Kitchen,15,33.46,26,2025-04-17
TXN-10385,North,Electronics,7,347.70,8,2025-05-18
TXN-10386,East,Apparel,18,298.25,21,2025-05-04
TXN-10387,South,Apparel,17,108.31,5,2025-03-18
TXN-10388,West,Groceries,15,490.55,9,2025-05-19
TXN-10389,North,Groceries,10,318.50,14,2025-05-12
TXN-10390,North,Electronics,4,242.43,5,2025-05-09
TXN-10391,West,Home & Kitchen,1,226.50,18,2025-05-09
TXN-10392,South,Fitness,16,190.39,17,2025-05-04
TXN-10393,East,Groceries,10,205.06,3,2025-04-21
TXN-10394,West,Groceries,2,481.69,30,2025-03-08
TXN-10395,West,Home & Kitchen,6,370.08,29,2025-05-21
TXN-10396,South,Groceries,17,442.50,3,2025-04-12
TXN-10397,South,Books,7,50.41,21,2025-05-09
TXN-10398,South,Home & Kitchen,4,421.86,17,2025-04-20
TXN-10399,South,Groceries,8,380.33,11,2025-05-10
TXN-10400,South,Home & Kitchen,15,366.97,11,2025-05-23
TXN-10401,East,Apparel,-2,438.58,4,2025-03-21
TXN-10402,East,Groceries,2,47.03,24,2025-03-24
TXN-10403,East,Electronics,2,138.37,9,2025-05-31
TXN-10404,North,Electronics,10,432.34,27,2025-04-13
TXN-10405,North,Home & Kitchen,19,315.53,27,2025-05-04
TXN-10406,North,Books,18,339.12,20,2025-05-06
TXN-10407,North,Groceries,7,261.19,7,2025-05-10
TXN-10408,North,Apparel,9,291.99,1,2025-04-11
TXN-10409,West,Electronics,4,110.43,29,2025-03-28
TXN-10071,South,Electronics,7,251.98,7,2025-06-01
TXN-10411,North,Fitness,14,355.81,11,2025-05-26
TXN-10412,West,Fitness,4,72.05,27,2025-05-10
TXN-10413,South,Home & Kitchen,6,414.12,26,2025-04-07
TXN-10414,East,Books,17,21.71,23,2099-12-31
TXN-10415,West,Apparel,19,188.24,27,2025-03-12
TXN-10416,West,Books,6,220.90,3,2025-04-27
TXN-10417,South,Home & Kitchen,14,161.94,28,2025-05-01
TXN-10418,East,Books,10,417.41,6,2025-04-21
TXN-10419,East,Home & Kitchen,10,299.09,20,2025-03-10
TXN-10420,East,Groceries,16,91.11,8,2025-04-10
TXN-10421,East,Apparel,10,177.65,12,2025-04-07
TXN-10422,South,Electronics,15,494.95,14,2025-05-23
TXN-10423,South,Books,10,231.32,18,2025-03-21
TXN-10424,North,Groceries,2,432.18,20,2025-04-14
TXN-10425,North,Books,3,485.72,6,2025-05-15
TXN-10426,East,Groceries,3,361.40,28,2025-05-15
TXN-10427,West,Fitness,13,242.15,7,2025-04-17
TXN-10428,North,Apparel,20,35.64,27,2025-04-07
TXN-10429,West,Books,15,484.84,6,2025-03-23
TXN-10430,West,Electronics,1,118.67,13,2025-05-09
TXN-10431,South,Home & Kitchen,19,16.03,20,2025-03-19
TXN-10432,East,Apparel,12,160.06,16,2025-04-29
TXN-10433,North,Fitness,13,45.65,20,2025-04-22
TXN-10434,North,Fitness,16,472.16,20,2025-05-01
TXN-10435,North,Electronics,4,65.82,1,2025-03-09
TXN-10436,North,Books,5,165.95,28,2025-05-04
TXN-10437,South,Books,16,451.30,13,2025-04-19
TXN-10438,South,Groceries,5,139.83,2,2025-04-19
TXN-10439,South,Fitness,7,192.33,23,2025-03-11
TXN-10440,North,Apparel,9,126.73,28,2025-04-17
TXN-10441,West,Books,15,389.34,12,2025-04-21
TXN-10442,North,Groceries,7,364.67,10,2025-03-19
TXN-10443,West,Electronics,18,47.39,16,2025-04-10
TXN-10444,North,Fitness,8,49.69,2,2025-03-10
TXN-10445,East,Electronics,1,223.71,15,2025-03-16
TXN-10446,North,Electronics,19,398.63,23,2025-04-05
TXN-10447,North,Fitness,19,457.61,24,2025-05-31
TXN-10448,South,Fitness,20,243.74,21,2025-03-06
TXN-10449,North,Books,6,123.03,23,2025-04-10
TXN-10450,North,Groceries,14,155.26,3,2025-03-18
TXN-10451,East,Groceries,2,116.33,20,2025-05-24
TXN-10452,West,Fitness,16,336.95,5,2025-03-10
TXN-10453,West,Books,11,150.02,20,2025-05-05
TXN-10454,East,Home & Kitchen,3,412.23,15,2025-03-10
TXN-10455,South,Apparel,5,44.78,25,2025-04-09
TXN-10456,East,Electronics,8,387.84,16,2025-06-01
TXN-10457,East,Electronics,20,66.07,24,2025-03-29
TXN-10458,West,Electronics,-2,375.88,17,2025-04-09
TXN-10459,East,Groceries,9,199.68,21,2025-03-25
TXN-10460,North,Groceries,12,365.54,15,2025-03-10
TXN-10461,East,Home & Kitchen,6,376.62,8,2025-04-21
TXN-10462,North,Electronics,17,16.22,18,2025-04-23
TXN-10463,South,Fitness,7,427.11,0,2025-05-25
TXN-10464,South,Apparel,10,234.27,7,2025-05-20
TXN-10465,North,Groceries,9,256.50,29,2025-04-25
TXN-10466,East,Fitness,15,471.68,18,2025-03-11
TXN-10467,East,Fitness,5,378.85,1,2025-05-28
TXN-10468,North,Groceries,18,188.94,16,2025-05-24
TXN-10469,East,Electronics,14,271.89,13,2025-05-20
TXN-10470,North,Apparel,9,398.82,8,2025-04-06
TXN-10471,West,Fitness,11,123.13,12,2025-03-15
TXN-10472,South,Groceries,10,338.17,5,2025-04-01
TXN-10473,South,Groceries,4,273.20,16,2025-04-18
TXN-10474,East,Groceries,9,82.44,6,2025-03-21
TXN-10475,North,Books,5,INVALID_PRICE,30,2025-04-14
TXN-10476,West,Home & Kitchen,20,136.28,2,2025-04-15
TXN-10477,East,Electronics,19,289.37,19,2025-04-27
TXN-10478,North,Electronics,8,267.81,7,2025-04-06
TXN-10479,South,Books,6,67.53,29,2025-05-12
TXN-10480,West,Apparel,1,123.46,11,2025-05-12
TXN-10481,North,Fitness,14,401.78,6,2025-05-03
TXN-10482,East,Groceries,5,69.59,16,2025-03-18
TXN-10483,East,Home & Kitchen,6,131.48,22,2025-03-12
TXN-10484,East,Home & Kitchen,15,226.83,13,2025-04-28
TXN-10485,East,Home & Kitchen,7,446.08,6,2025-04-02
TXN-10486,West,Groceries,15,458.34,30,2025-04-13
TXN-10487,North,Fitness,5,81.83,18,2025-04-12
TXN-10488,East,Books,19,345.77,20,2025-05-23
TXN-10489,South,Electronics,12,409.50,8,2025-05-03
TXN-10490,West,Fitness,6,69.08,0,2025-05-20
TXN-10491,East,Electronics,4,186.77,6,2025-04-27
TXN-10492,North,Electronics,3,211.49,11,2025-04-07
TXN-10493,North,Electronics,1,428.93,29,2025-04-12
TXN-10494,East,Home & Kitchen,1,41.23,28,2025-05-28
TXN-10495,West,Fitness,4,470.85,2,2025-05-03
TXN-10496,West,Apparel,14,84.48,2,2025-03-17
TXN-10497,East,Fitness,17,163.60,12,2025-05-11
TXN-10498,East,Electronics,12,293.54,24,2025-05-20
TXN-10499,East,Home & Kitchen,15,INVALID_PRICE,17,2025-03-11
TXN-10500,East,Groceries,5,253.39,29,2025-05-22
TXN-10501,West,Electronics,11,55.76,25,2025-05-06
TXN-10502,West,Fitness,7,239.82,12,2025-05-06
TXN-10503,North,Electronics,2,99.33,25,2025-04-11
TXN-10504,South,Home & Kitchen,15,38.46,29,2025-05-03
TXN-10505,West,Electronics,13,216.05,15,2025-03-14
TXN-10506,North,Books,7,8.11,13,2025-05-05
TXN-10507,South,Apparel,9,133.10,3,2025-04-17
TXN-10508,West,Electronics,5,321.81,22,2025-03-09
TXN-10509,South,Apparel,18,222.99,17,2025-05-28
TXN-10510,North,Home & Kitchen,20,316.47,16,2025-03-18
TXN-10511,South,Fitness,1,217.09,18,2025-04-23
TXN-10512,East,Home & Kitchen,10,494.02,29,2025-05-01
TXN-10513,West,Books,2,298.34,12,2025-05-27
TXN-10514,West,Groceries,9,203.14,6,2025-03-05
TXN-10515,North,Fitness,11,41.75,11,2025-05-24
TXN-10516,West,Groceries,17,427.13,1,2025-05-11
TXN-10517,East,Fitness,3,499.89,6,2025-05-02
TXN-10518,North,Electronics,5,355.32,25,2025-04-26
TXN-10519,East,Home & Kitchen,8,344.91,9,2025-04-04
TXN-10520,West,Groceries,20,56.02,1,2025-03-23
TXN-10521,North,Electronics,7,362.91,6,2025-04-18
TXN-10522,South,Groceries,12,372.57,12,2025-03-08
TXN-10523,South,Groceries,8,96.43,19,2025-03-25
TXN-10524,North,Groceries,4,401.81,17,2025-05-07
TXN-10525,East,Groceries,6,106.25,13,2025-05-03
TXN-10526,West,Books,12,83.95,0,2025-04-29
TXN-10527,North,Books,1,190.63,2,2025-03-29
TXN-10528,North,Groceries,2,478.64,2,2025-04-01
TXN-10529,East,Groceries,9,INVALID_PRICE,25,2025-04-22
TXN-10530,East,Fitness,12,327.11,26,2025-03-11
TXN-10531,South,Fitness,11,INVALID_PRICE,13,2025-05-06
TXN-10532,East,Home & Kitchen,17,229.96,18,2025-03-19
TXN-10533,North,Fitness,12,91.39,16,2025-04-08
TXN-10534,East,Books,12,101.35,13,2025-05-03
TXN-10535,East,Electronics,17,77.99,11,2025-05-21
TXN-10536,West,Electronics,13,285.65,2,2025-05-14
TXN-10537,East,Apparel,3,37.64,29,2025-03-23
TXN-10538,West,Books,11,412.53,14,2025-05-07
TXN-10539,North,Electronics,1,187.54,28,2025-04-21
TXN-10540,South,Groceries,14,329.05,28,2025-05-04
TXN-10541,South,Groceries,7,55.96,24,2025-04-26
TXN-10542,North,Books,11,379.82,4,2025-06-01
TXN-10543,North,Electronics,17,282.05,7,2025-04-11
TXN-10544,West,Electronics,-2,239.00,0,2025-03-15
TXN-10545,East,Electronics,20,90.81,3,2025-03-08
TXN-10546,South,Books,13,29.58,24,2025-04-26
TXN-10547,West,Home & Kitchen,12,363.74,20,2025-05-26
TXN-10548,South,Fitness,16,108.50,26,2025-05-17
TXN-10549,East,Books,17,381.72,27,2025-04-06
TXN-10550,West,Electronics,2,INVALID_PRICE,15,2025-05-26
TXN-10551,East,Electronics,9,426.86,10,2025-05-21
TXN-10552,East,Groceries,2,16.03,27,2025-03-30
TXN-10553,West,Electronics,15,319.41,26,2025-03-23
TXN-10554,North,Books,18,185.74,15,2025-04-05
TXN-10555,East,Groceries,3,324.90,29,2025-04-04
TXN-10556,North,Electronics,10,21.07,5,2025-05-28
TXN-10557,North,Books,8,277.94,1,2025-05-22
TXN-10558,West,Groceries,13,421.67,8,2025-04-25
TXN-10559,West,Home & Kitchen,5,78.09,22,2025-04-25
TXN-10560,North,Electronics,8,273.00,9,2025-05-17
TXN-10561,North,Home & Kitchen,16,187.08,20,2025-05-23
TXN-10562,West,Electronics,19,233.66,11,2025-05-18
TXN-10563,West,Books,11,46.27,6,2025-05-18
TXN-10564,West,Fitness,10,243.61,8,2025-04-27
TXN-10565,East,Books,9,353.96,12,2025-03-14
TXN-10566,East,Books,5,329.68,21,2025-03-30
TXN-10567,North,Electronics,9,359.56,22,2025-04-14
TXN-10568,East,Apparel,7,441.34,3,2025-05-07
TXN-10569,North,Home & Kitchen,18,34.84,12,2025-05-11
TXN-10570,North,Fitness,5,43.43,19,2025-04-19
TXN-10571,South,Fitness,5,425.47,8,2025-05-02
TXN-10572,West,Apparel,17,250.66,24,2025-04-30
TXN-10573,South,Apparel,18,69.50,23,2025-04-27
TXN-10574,South,Fitness,6,163.67,2,2025-04-16
TXN-10575,East,Fitness,10,84.67,23,2025-04-08
TXN-10576,East,Groceries,8,21.31,29,2025-04-16
TXN-10577,North,Electronics,6,106.14,0,2025-03-19
TXN-10578,East,Fitness,1,294.64,9,2025-03-11
TXN-10579,West,Groceries,7,157.98,21,2025-03-24
TXN-10580,South,Groceries,20,228.05,11,2025-05-14
TXN-10581,North,Apparel,16,68.12,29,2025-05-04
TXN-10582,North,Groceries,15,95.71,4,2025-04-02
TXN-10583,East,Books,3,113.22,0,2025-05-01
TXN-10584,South,Groceries,16,70.85,3,2025-03-20
TXN-10585,South,Groceries,8,157.13,28,2025-03-23
TXN-10586,East,Electronics,7,60.38,0,2025-03-12
TXN-10587,East,Electronics,5,185.11,10,2025-03-11
TXN-10588,South,Fitness,14,33.56,29,2025-03-08
TXN-10589,West,Books,13,46.98,28,2025-03-14
TXN-10590,South,Home & Kitchen,19,268.51,23,2025-04-06
TXN-10591,West,Fitness,14,22.03,24,2025-05-28
TXN-10592,East,Home & Kitchen,18,18.35,21,2025-03-18
TXN-10593,South,Home & Kitchen,13,312.61,23,2025-03-18
TXN-10394,West,Electronics,4,230.44,20,2025-06-01
TXN-10595,East,Groceries,8,458.86,29,2025-03-19
TXN-10596,South,Books,4,47.26,19,2025-05-09
TXN-10597,East,Electronics,3,324.39,17,2025-05-11
TXN-10598,West,Fitness,4,319.02,10,2025-05-15
TXN-10599,South,Apparel,11,380.88,9,2025-05-07
TXN-10600,North,Books,6,112.39,18,2025-05-09
TXN-10601,West,Home & Kitchen,10,444.35,18,2025-03-13
TXN-10602,North,Groceries,15,261.31,21,2025-03-18
TXN-10603,North,Apparel,12,198.15,2,2025-04-07
TXN-10604,East,Books,11,471.18,11,2025-04-17
TXN-10605,West,Books,3,INVALID_PRICE,10,2025-03-13
TXN-10606,West,Books,17,322.80,23,2025-03-11
TXN-10607,East,Home & Kitchen,4,171.50,6,2025-05-11
TXN-10608,North,Home & Kitchen,11,436.99,18,2025-03-04
TXN-10609,North,Books,2,438.71,16,2025-03-21
TXN-10610,East,Home & Kitchen,10,220.77,16,2025-03-08
TXN-10611,South,Groceries,13,94.74,10,2025-05-14
TXN-10612,West,Electronics,5,100.74,24,2025-05-25
TXN-10613,East,Books,11,364.59,13,2025-05-09
TXN-10614,North,Fitness,20,372.81,10,2025-03-20
TXN-10615,West,Home & Kitchen,10,250.78,17,2025-05-01
TXN-10616,North,Fitness,6,432.44,14,2025-03-18
TXN-10256,North,Apparel,5,267.35,8,2025-04-16
TXN-10618,South,Home & Kitchen,1,235.48,3,2025-05-12
TXN-10619,North,Fitness,7,137.35,4,2025-05-01
TXN-10620,North,Fitness,7,236.53,18,2025-04-30
TXN-10621,South,Apparel,9,503.75,16,2025-04-13
TXN-10622,North,Books,16,80.43,2,2025-04-27
TXN-10623,South,Home & Kitchen,20,56.18,4,2025-04-29
TXN-10624,East,Books,18,330.80,27,2025-05-03
TXN-10625,West,Home & Kitchen,3,285.60,14,2025-03-12
TXN-10626,North,Groceries,20,300.49,9,2025-03-31
TXN-10627,South,Home & Kitchen,1,218.46,7,2025-04-04
TXN-10628,South,Books,15,303.34,14,2025-06-01
TXN-10629,South,Groceries,19,264.59,28,2025-05-10
TXN-10630,South,Apparel,19,274.40,1,2025-04-01
TXN-10631,North,Groceries,7,194.35,2,2025-03-12
TXN-10632,South,Apparel,13,140.03,11,2025-05-03
TXN-10633,West,Books,1,233.29,19,2025-04-01
TXN-10634,South,Groceries,2,402.42,21,2025-03-29
TXN-10635,South,Books,5,85.03,0,2025-03-28
TXN-10636,West,Apparel,19,147.94,17,2025-05-05
TXN-10637,East,Home & Kitchen,15,212.80,4,2025-05-23
TXN-10638,East,Electronics,5,479.15,8,2025-04-04
TXN-10639,West,Home & Kitchen,20,455.67,10,2025-04-03
TXN-10640,North,Fitness,7,87.08,7,2025-04-04
TXN-10641,East,Fitness,10,390.34,6,2025-03-18
TXN-10220,North,Fitness,10,238.72,17,2025-04-11
TXN-10643,East,Fitness,-5,259.26,29,2025-04-06
TXN-10644,West,Groceries,7,206.02,23,2025-03-06
TXN-10645,South,Home & Kitchen,17,187.22,11,2025-04-19
TXN-10646,South,Electronics,17,227.03,12,2025-04-27
TXN-10647,North,Home & Kitchen,10,88.79,5,2025-05-17
TXN-10648,South,Books,16,191.63,28,2025-05-18
TXN-10649,West,Groceries,11,9.11,4,2025-05-25
TXN-10650,South,Groceries,18,25.03,9,2025-04-22
TXN-10651,North,Fitness,16,382.75,4,2025-04-29
TXN-10652,North,Fitness,11,425.43,4,2025-03-08
TXN-10653,North,Groceries,12,154.21,11,2025-05-24
TXN-10654,East,Apparel,1,66.55,14,2025-05-26
TXN-10655,South,Groceries,6,101.19,18,2025-04-18
TXN-10656,South,Apparel,9,47.53,4,2025-05-01
TXN-10657,West,Apparel,18,311.16,16,2025-04-28
TXN-10658,North,Apparel,12,337.64,16,2025-03-30
TXN-10659,East,Books,12,279.63,8,2025-05-19
TXN-10660,South,Electronics,2,405.24,5,2025-03-18
TXN-10661,South,Books,2,123.53,9,2025-05-06
TXN-10662,North,Apparel,4,71.68,29,2025-05-22
TXN-10663,North,Home & Kitchen,18,233.10,23,2025-04-14
TXN-10664,North,Books,14,464.03,26,2099-12-31
TXN-10665,South,Fitness,19,470.10,15,2025-03-06
TXN-10666,East,Groceries,7,162.92,19,2025-03-04
TXN-10667,West,Groceries,17,27.24,23,2025-05-02
TXN-10668,South,Books,-2,242.49,25,2025-05-23
TXN-10669,North,Home & Kitchen,1,160.92,5,2025-05-01
TXN-10670,North,Home & Kitchen,9,179.23,29,2025-05-25
TXN-10671,South,Books,2,330.79,26,2025-05-11
TXN-10672,South,Books,8,395.00,11,2099-12-31
TXN-10673,East,Apparel,6,185.03,4,2025-04-28
TXN-10674,West,Apparel,5,328.96,16,2025-03-12
TXN-10675,North,Groceries,15,141.57,13,2025-05-06
TXN-10676,South,Books,5,445.82,19,2025-05-22
TXN-10677,East,Groceries,19,62.87,0,2025-04-01
TXN-10678,East,Home & Kitchen,8,166.25,8,2025-04-27
TXN-10679,South,Apparel,20,242.52,25,2025-04-05
TXN-10680,East,Fitness,7,95.97,1,2025-03-05
TXN-10681,East,Fitness,15,177.61,26,2025-05-03
TXN-10682,North,Home & Kitchen,14,39.83,13,2025-04-08
TXN-10683,East,Apparel,10,304.19,29,2025-05-11
TXN-10684,West,Home & Kitchen,17,214.98,7,2025-03-16
TXN-10685,South,Apparel,6,299.72,1,2025-05-28
TXN-10686,North,Fitness,12,218.12,20,2025-04-23
TXN-10687,West,Groceries,19,44.84,8,2025-03-20
TXN-10688,West,Books,11,306.34,19,2025-05-31
TXN-10689,West,Books,17,225.24,4,2025-05-09
TXN-10690,South,Apparel,9,96.74,6,2025-05-20
TXN-10691,West,Home & Kitchen,9,274.14,17,2025-03-17
TXN-10692,South,Electronics,14,101.37,1,2025-03-10
TXN-10693,North,Fitness,2,396.08,25,2025-04-27
TXN-10694,East,Groceries,7,165.38,30,2025-03-10
TXN-10695,West,Apparel,7,493.24,1,2025-03-15
TXN-10696,South,Home & Kitchen,2,63.76,9,2025-04-13
TXN-10697,North,Electronics,8,11.21,24,2025-03-08
TXN-10698,East,Groceries,15,INVALID_PRICE,14,2025-04-30
TXN-10699,North,Home & Kitchen,8,246.87,12,2025-04-07
TXN-10700,South,Apparel,6,231.23,3,2025-05-17
TXN-10701,South,Books,10,440.56,2,2025-03-26
TXN-10702,North,Fitness,8,255.32,9,2025-05-15
TXN-10703,East,Home & Kitchen,8,469.60,22,2025-03-23
TXN-10704,West,Books,13,222.41,25,2025-03-12
TXN-10705,North,Home & Kitchen,12,144.90,17,2025-03-08
TXN-10706,South,Electronics,11,314.90,19,2025-04-23
TXN-10707,East,Home & Kitchen,18,396.97,22,2025-05-02
TXN-10708,South,Apparel,6,262.17,4,2025-03-22
TXN-10709,North,Groceries,1,315.37,18,2025-04-21
TXN-10710,East,Fitness,16,142.04,13,2025-03-26
TXN-10508,East,Groceries,10,266.60,16,2025-05-27
TXN-10712,South,Groceries,20,201.73,29,2025-03-21
TXN-10713,West,Home & Kitchen,3,185.87,28,2025-04-02
TXN-10714,West,Apparel,12,36.26,5,2025-04-28
TXN-10715,West,Electronics,12,200.45,19,2025-05-09
TXN-10716,North,Home & Kitchen,11,398.16,6,2025-04-19
TXN-10717,South,Home & Kitchen,3,337.66,16,2025-03-11
TXN-10718,West,Fitness,19,344.98,24,2025-05-03
TXN-10719,West,Books,1,237.30,3,2025-05-24
TXN-10720,North,Fitness,2,132.99,8,2025-04-02
TXN-10721,North,Electronics,11,342.28,28,2025-04-10
TXN-10722,West,Groceries,6,422.76,28,2025-04-02
TXN-10723,East,Books,13,214.43,15,2025-04-25
TXN-10724,West,Home & Kitchen,3,12.13,2,2025-03-31
TXN-10725,South,Home & Kitchen,7,325.63,17,2025-05-05
TXN-10726,East,Groceries,12,286.84,17,2025-04-12
TXN-10727,South,Books,8,70.72,11,2025-04-23
TXN-10728,North,Groceries,19,14.41,8,2025-04-05
TXN-10729,East,Electronics,13,236.25,20,2025-04-29
TXN-10730,South,Electronics,11,172.80,11,2025-05-30
TXN-10731,East,Electronics,6,50.83,0,2025-04-10
TXN-10732,East,Fitness,5,387.98,15,2025-06-01
TXN-10733,South,Electronics,10,493.68,21,2025-05-03
TXN-10734,South,Groceries,4,472.96,8,2025-05-10
TXN-10735,North,Books,12,439.99,29,2025-03-11
TXN-10736,East,Books,2,252.61,24,2025-05-13
TXN-10737,East,Groceries,15,309.50,29,2025-04-09
TXN-10738,North,Fitness,11,298.91,12,2025-03-05
TXN-10739,South,Fitness,18,457.40,6,2025-05-28
TXN-10740,East,Fitness,9,203.80,3,2025-05-11
TXN-10741,South,Fitness,11,98.22,7,2025-05-25
TXN-10742,South,Fitness,2,164.89,1,2025-03-05
TXN-10743,West,Apparel,13,98.45,6,2025-05-21
TXN-10744,East,Groceries,1,87.31,5,2025-05-20
TXN-10745,North,Fitness,8,341.04,7,2025-05-30
TXN-10746,West,Apparel,17,274.89,15,2025-03-06
TXN-10747,North,Groceries,10,20.83,7,2025-03-29
TXN-10748,West,Electronics,2,264.59,9,2025-05-17
TXN-10749,South,Apparel,13,462.24,19,2099-12-31
TXN-10750,North,Home & Kitchen,12,235.02,24,2025-05-08
TXN-10751,North,Fitness,3,81.70,16,2025-03-11
TXN-10750,East,Apparel,9,51.65,4,2025-03-28
TXN-10753,West,Electronics,10,219.19,18,2025-03-13
TXN-10754,North,Apparel,9,413.89,17,2025-03-09
TXN-10755,East,Books,20,476.49,16,2025-04-16
TXN-10756,East,Fitness,5,65.13,10,2025-04-11
TXN-10757,South,Fitness,10,475.28,16,2025-05-22
TXN-10758,North,Home & Kitchen,8,309.76,1,2025-04-19
TXN-10759,South,Electronics,5,435.75,1,2025-04-21
TXN-10760,West,Apparel,10,235.10,25,2025-05-20
TXN-10761,South,Fitness,13,394.15,16,2025-03-08
TXN-10762,East,Books,8,207.11,18,2025-04-06
TXN-10763,East,Books,3,455.26,27,2025-03-24
TXN-10764,North,Books,9,93.03,15,2025-04-20
TXN-10765,West,Fitness,12,273.45,26,2025-05-28
TXN-10766,East,Apparel,17,210.18,2,2025-03-16
TXN-10767,South,Groceries,6,220.17,27,2025-04-24
TXN-10768,East,Apparel,4,20.97,8,2025-03-25
TXN-10769,South,Groceries,7,457.87,6,2025-04-21
TXN-10770,North,Home & Kitchen,4,206.69,14,2025-04-30
TXN-10771,South,Books,20,413.60,19,2025-04-17
TXN-10772,North,Fitness,13,321.03,15,2025-04-27
TXN-10773,West,Groceries,8,491.50,9,2025-04-27
TXN-10774,East,Groceries,12,31.92,20,2025-04-24
TXN-10775,West,Books,5,176.92,30,2025-05-22
TXN-10776,South,Electronics,13,164.25,17,2025-03-20
TXN-10777,South,Electronics,2,414.91,10,2025-03-16
TXN-10778,North,Fitness,19,478.41,27,2025-04-10
TXN-10779,North,Home & Kitchen,3,186.19,3,2025-05-17
TXN-10780,West,Electronics,11,348.18,2,2025-03-23
TXN-10781,South,Groceries,18,150.77,26,2025-03-15
TXN-10782,South,Fitness,7,461.67,26,2025-05-02
TXN-10783,South,Books,18,490.06,22,2025-04-04
TXN-10784,North,Groceries,8,245.88,27,2025-04-27
TXN-10785,West,Groceries,13,110.65,25,2025-03-20
TXN-10786,North,Books,12,410.24,28,2025-04-29
TXN-10787,North,Fitness,1,317.59,10,2025-03-06
TXN-10394,North,Apparel,1,180.07,2,2025-04-27
TXN-10789,North,Books,20,270.44,19,2025-05-22
TXN-10790,South,Home & Kitchen,7,328.72,1,2025-03-27
TXN-10791,West,Electronics,15,425.68,23,2025-05-02
TXN-10792,South,Fitness,8,202.13,2,2025-03-28
TXN-10793,West,Groceries,9,451.52,3,2025-03-26
TXN-10794,North,Electronics,6,99.81,6,2025-04-26
TXN-10795,East,Books,15,207.40,16,2025-03-12
TXN-10796,West,Books,15,21.80,21,2025-03-22
TXN-10797,West,Home & Kitchen,2,273.50,8,2025-04-18
TXN-10798,East,Home & Kitchen,15,237.16,28,2025-03-24
TXN-10799,North,Fitness,3,121.09,19,2025-03-21
TXN-10800,East,Apparel,1,94.79,5,2025-04-09
TXN-10801,West,Books,8,469.53,7,2025-05-15
TXN-10802,North,Groceries,16,221.84,28,2025-05-12
TXN-10803,North,Groceries,12,334.76,6,2025-03-15
TXN-10804,East,Home & Kitchen,10,30.59,18,2025-04-20
TXN-10805,North,Books,9,408.58,1,2025-05-22
TXN-10806,East,Home & Kitchen,15,268.82,15,2025-05-29
TXN-10807,North,Fitness,17,64.62,15,2025-03-05
TXN-10355,South,Fitness,5,372.21,16,2025-04-16
TXN-10809,North,Home & Kitchen,20,145.07,12,2025-05-30
TXN-10810,South,Groceries,6,341.31,20,2025-05-07
TXN-10811,North,Apparel,3,495.89,19,2025-05-14
TXN-10812,East,Fitness,7,26.78,30,2025-05-04
TXN-10813,South,Electronics,7,183.09,23,2025-04-15
TXN-10814,East,Electronics,13,264.55,8,2025-03-06
TXN-10815,East,Books,8,269.58,4,2025-03-12
TXN-10816,East,Groceries,8,84.74,22,2025-04-03
TXN-10817,West,Fitness,12,317.79,7,2025-04-23
TXN-10818,North,Fitness,4,47.88,3,2025-05-31
TXN-10819,South,Electronics,2,143.86,9,2025-04-05
TXN-10820,West,Home & Kitchen,5,234.68,7,2025-03-04
TXN-10821,North,Electronics,15,171.47,8,2025-03-16
TXN-10822,East,Home & Kitchen,3,217.39,17,2025-05-12
TXN-10823,East,Home & Kitchen,2,453.10,28,2025-03-25
TXN-10824,North,Fitness,2,156.18,2,2025-05-21
TXN-10825,North,Apparel,9,201.72,18,2025-03-04
TXN-10826,North,Fitness,19,385.66,1,2025-03-06
TXN-10827,East,Electronics,13,37.43,27,2025-05-04
TXN-10828,North,Electronics,13,396.03,29,2025-05-18
TXN-10829,South,Apparel,5,300.61,18,2025-03-24
TXN-10830,East,Home & Kitchen,4,27.15,14,2025-05-15
TXN-10831,South,Groceries,1,299.77,24,2025-05-12
TXN-10832,South,Home & Kitchen,2,481.98,13,2025-04-12
TXN-10833,North,Electronics,8,502.31,18,2025-04-06
TXN-10834,West,Home & Kitchen,1,439.78,13,2025-04-01
TXN-10835,East,Books,17,494.51,29,2025-04-27
TXN-10836,West,Apparel,3,168.83,22,2025-03-12
TXN-10837,West,Groceries,5,390.44,7,2025-04-18
TXN-10838,South,Groceries,3,421.38,25,2025-04-01
TXN-10839,West,Apparel,5,178.46,5,2025-04-22
TXN-10840,West,Home & Kitchen,12,234.94,12,2025-03-14
TXN-10841,West,Electronics,-5,377.86,28,2025-05-30
TXN-10842,South,Books,1,251.20,7,2025-03-18
TXN-10843,West,Groceries,15,338.88,150,2025-03-23
TXN-10844,East,Home & Kitchen,7,318.10,29,2025-03-21
TXN-10845,North,Apparel,3,239.83,10,2025-05-14
TXN-10846,South,Apparel,12,329.36,17,2025-05-17
TXN-10847,North,Books,4,382.54,3,2025-03-24
TXN-10848,North,Electronics,18,490.46,11,2025-03-09
TXN-10849,South,Apparel,4,89.32,16,2025-03-31
TXN-10850,East,Groceries,7,451.69,20,2025-04-07
TXN-10851,East,Fitness,15,206.40,10,2025-05-25
TXN-10811,East,Groceries,9,375.74,5,2025-04-08
TXN-10853,North,Fitness,-3,148.19,10,2025-05-21
TXN-10854,East,Apparel,18,259.08,1,2025-04-07
TXN-10855,East,Apparel,13,183.15,25,2025-05-24
TXN-10856,West,Apparel,6,191.56,9,2025-05-15
TXN-10857,West,Electronics,9,233.22,2,2025-03-15
TXN-10858,East,Fitness,18,133.33,9,2025-03-24
TXN-10859,West,Apparel,15,73.58,1,2025-05-18
TXN-10860,North,Home & Kitchen,15,22.50,5,2025-04-24
TXN-10861,West,Fitness,10,111.84,12,2025-04-19
TXN-10862,North,Books,8,486.29,19,2025-05-08
TXN-10863,West,Fitness,13,148.99,19,2025-05-10
TXN-10864,West,Books,18,476.51,26,2025-05-16
TXN-10865,East,Electronics,6,211.82,2,2025-03-20
TXN-10866,North,Fitness,5,461.28,28,2025-05-13
TXN-10867,East,Groceries,17,363.44,1,2099-12-31
TXN-10868,South,Home & Kitchen,1,90.83,23,2025-04-17
TXN-10869,West,Books,14,445.40,22,2025-04-25
TXN-10870,South,Books,4,159.47,27,2025-03-08
TXN-10871,East,Fitness,12,457.27,15,2025-04-12
TXN-10872,North,Electronics,15,481.72,27,2025-04-02
TXN-10873,South,Electronics,4,502.55,20,2025-03-26
TXN-10874,West,Groceries,9,454.24,23,2025-03-30
TXN-10875,East,Home & Kitchen,1,323.71,2,2025-03-05
TXN-10876,South,Apparel,9,74.28,16,2025-04-16
TXN-10877,East,Home & Kitchen,3,235.74,2,2025-04-15
TXN-10878,West,Home & Kitchen,3,415.71,11,2025-03-12
TXN-10879,West,Groceries,7,225.49,22,2025-03-26
TXN-10880,South,Fitness,16,473.49,16,2025-04-23
TXN-10881,South,Home & Kitchen,8,124.35,13,2025-05-05
TXN-10882,North,Home & Kitchen,19,146.04,25,2025-05-26
TXN-10883,West,Groceries,5,120.15,25,2025-05-31
TXN-10884,North,Fitness,13,226.06,8,2025-05-13
TXN-10885,North,Groceries,19,33.94,9,2025-05-01
TXN-10886,North,Electronics,17,248.24,1,2025-03-15
TXN-10887,East,Groceries,9,304.87,6,2025-04-05
TXN-10888,East,Groceries,3,252.46,14,2025-05-02
TXN-10889,East,Groceries,14,10.77,6,2025-04-12
TXN-10890,West,Electronics,20,477.42,10,2025-04-24
TXN-10891,North,Electronics,15,320.37,28,2025-05-07
TXN-10892,West,Electronics,15,334.50,22,2025-04-11
TXN-10893,North,Fitness,15,10.64,6,2025-04-11
TXN-10305,South,Home & Kitchen,13,13.89,23,2025-04-13
TXN-10407,East,Groceries,4,263.16,24,2025-03-06
TXN-10896,West,Fitness,8,253.38,25,2025-05-10
TXN-10897,South,Home & Kitchen,16,418.81,25,2025-05-03
TXN-10898,East,Fitness,16,195.35,22,2025-05-14
TXN-10899,North,Books,10,28.11,18,2025-03-22
TXN-10900,South,Electronics,10,403.83,11,2025-03-30
TXN-10901,North,Apparel,9,169.55,9,2025-05-01
TXN-10902,South,Home & Kitchen,2,498.97,24,2025-05-17
TXN-10903,South,Groceries,20,277.69,20,2025-03-24
TXN-10904,South,Fitness,7,400.26,10,2025-05-25
TXN-10905,East,Groceries,11,390.72,26,2025-03-21
TXN-10906,West,Home & Kitchen,12,219.99,23,2025-05-27
TXN-10907,South,Groceries,17,237.74,4,2025-04-25
TXN-10908,North,Books,2,61.51,6,2025-04-07
TXN-10909,East,Apparel,13,283.02,1,2025-04-16
TXN-10910,South,Electronics,12,243.46,12,2025-03-10
TXN-10911,South,Fitness,13,239.96,17,2025-03-17
TXN-10912,West,Fitness,16,326.76,13,2025-03-22
TXN-10913,North,Groceries,9,491.43,9,2025-03-08
TXN-10914,East,Groceries,13,9.38,8,2025-03-19
TXN-10915,North,Groceries,15,435.58,15,2025-04-28
TXN-10916,East,Home & Kitchen,10,415.26,17,2025-05-05
TXN-10917,West,Groceries,5,338.33,17,2025-03-16
TXN-10918,East,Electronics,9,110.25,28,2025-03-11
TXN-10919,South,Books,10,79.65,5,2025-03-16
TXN-10920,South,Fitness,19,423.98,12,2025-03-25
TXN-10921,North,Groceries,15,48.79,8,2025-03-17
TXN-10922,East,Apparel,6,296.52,27,2025-04-26
TXN-10923,East,Home & Kitchen,17,105.88,20,2025-05-08
TXN-10924,West,Electronics,4,393.39,16,2025-03-21
TXN-10925,West,Books,13,81.14,26,2025-03-08
TXN-10926,West,Apparel,19,376.57,1,2025-04-15
TXN-10927,West,Apparel,10,456.29,29,2025-04-03
TXN-10928,East,Books,5,255.46,13,2025-05-04
TXN-10929,West,Home & Kitchen,20,113.43,12,2025-05-07
TXN-10930,West,Fitness,18,276.55,11,2025-03-14
TXN-10931,North,Groceries,1,303.00,4,2025-03-24
TXN-10932,North,Apparel,2,177.11,27,2025-03-16
TXN-10933,North,Fitness,20,297.00,4,2025-04-28
TXN-10934,North,Groceries,11,376.31,24,2025-05-07
TXN-10935,West,Books,11,383.91,4,2025-05-03
TXN-10936,West,Fitness,4,205.78,22,2025-05-01
TXN-10937,West,Groceries,16,423.06,26,2025-03-17
TXN-10938,East,Books,12,116.11,14,2025-05-16
TXN-10939,South,Books,19,29.26,26,2025-03-05
TXN-10940,East,Books,19,222.49,3,2025-05-03
TXN-10941,West,Books,14,239.98,26,2025-03-28
TXN-10942,North,Groceries,6,136.44,9,2025-04-08
TXN-10943,East,Home & Kitchen,6,216.19,0,2025-04-11
TXN-10944,West,Fitness,14,191.33,24,2025-05-22
TXN-10945,North,Books,10,201.66,23,2025-03-21
TXN-10946,West,Books,5,88.47,2,2025-03-31
TXN-10947,West,Groceries,4,256.21,7,2025-03-06
TXN-10948,East,Apparel,20,92.27,12,2025-05-12
TXN-10949,South,Fitness,8,133.38,5,2025-04-20
TXN-10950,West,Groceries,17,73.01,4,2099-12-31
TXN-10951,West,Apparel,10,500.22,20,2025-04-23
TXN-10952,East,Electronics,20,441.60,29,2025-05-04
TXN-10953,East,Apparel,16,501.67,4,2025-03-04
TXN-10954,North,Apparel,18,479.53,28,2025-03-23
TXN-10955,West,Home & Kitchen,7,239.72,24,2025-05-06
TXN-10956,North,Fitness,5,294.65,30,2025-03-31
TXN-10957,North,Apparel,7,337.01,30,2025-05-07
TXN-10958,East,Groceries,1,371.25,19,2025-03-09
TXN-10959,South,Fitness,11,276.41,18,2025-03-17
TXN-10960,East,Groceries,1,382.98,3,2025-05-31
TXN-10961,West,Apparel,14,336.18,26,2025-03-28
TXN-10962,North,Books,6,236.22,25,2025-05-12
TXN-10963,South,Fitness,20,439.37,29,2025-03-20
TXN-10964,South,Books,2,297.95,30,2025-05-06
TXN-10965,East,Books,10,73.64,8,2025-06-01
TXN-10966,North,Apparel,5,106.72,18,2025-05-23
TXN-10967,North,Electronics,9,411.73,19,2025-03-07
TXN-10968,West,Electronics,14,226.14,13,2025-03-19
TXN-10969,East,Books,7,476.88,24,2025-03-30
TXN-10970,West,Electronics,12,52.17,14,2025-05-16
TXN-10971,South,Apparel,18,337.72,7,2025-05-05
TXN-10972,South,Groceries,12,306.32,6,2025-03-20
TXN-10973,South,Apparel,15,81.19,9,2025-05-12
TXN-10974,East,Home & Kitchen,18,340.29,13,2025-03-30
TXN-10866,East,Fitness,13,11.46,4,2025-04-14
TXN-10976,West,Apparel,11,279.13,14,2025-03-21
TXN-10977,South,Groceries,6,130.64,4,2025-04-06
TXN-10978,East,Groceries,15,387.11,3,2025-03-27
TXN-10979,North,Groceries,4,INVALID_PRICE,15,2025-03-15
TXN-10980,North,Books,10,359.25,14,2025-05-29
TXN-10981,North,Fitness,5,49.44,1,2025-03-05
TXN-10982,East,Books,2,353.68,24,2025-03-05
TXN-10983,South,Electronics,5,354.88,14,2025-03-24
TXN-10984,South,Home & Kitchen,13,424.19,15,2025-05-04
TXN-10985,South,Electronics,13,91.81,23,2025-03-08
TXN-10986,East,Apparel,8,58.61,14,2025-05-29
TXN-10987,East,Home & Kitchen,15,268.52,7,2025-04-16
TXN-10988,East,Electronics,5,37.53,3,2025-05-18
TXN-10085,East,Electronics,13,275.21,11,2025-03-11
TXN-10990,South,Books,14,315.29,8,2025-04-19
TXN-10991,South,Electronics,6,498.01,24,2025-04-27
TXN-10992,East,Groceries,5,220.50,19,2025-04-28
TXN-10993,East,Apparel,14,180.01,17,2025-05-01
TXN-10994,West,Books,14,301.46,20,2025-05-10
TXN-10995,West,Books,11,208.52,20,2025-05-03
TXN-10996,West,Apparel,5,111.52,22,2025-03-19
TXN-10997,East,Apparel,16,400.58,18,2025-05-29
TXN-10998,West,Home & Kitchen,17,501.60,14,2025-03-31
TXN-10999,West,Groceries,1,477.87,5,2025-03-06
TXN-11000,South,Books,19,213.10,2,2025-04-02
